key,0,1,2,3
#,String0,String1,String2,String3
offset,0,4,8,16
int32,str,str,str,str
0,,,,Adventurer
1,劍術士,GLA,劍,Gladiator
2,格鬥士,PGL,格,Pugilist
3,斧術士,MRD,斧,Marauder
4,槍術士,LNC,槍,Lancer
5,弓術士,ARC,弓,Archer
6,幻術士,CNJ,幻,Conjurer
7,咒術士,THM,咒,Thaumaturge
8,木工師,CRP,木,Carpenter
9,鍛造師,BSM,鍛,Blacksmith
10,甲冑師,ARM,甲,Armorer
11,金工師,GSM,金,Goldsmith
12,皮革師,LTW,革,Leatherworker
13,裁縫師,WVR,裁,Weaver
14,鍊金術師,ALC,鍊,Alchemist
15,烹調師,CUL,烹,Culinarian
16,採掘師,MIN,掘,Miner
17,園藝師,BTN,園,Botanist
18,漁師,FSH,漁,Fisher
19,騎士,PLD,騎,Paladin
20,武僧,MNK,僧,Monk
21,戰士,WAR,戰,Warrior
22,龍騎士,DRG,龍,Dragoon
23,吟遊詩人,BRD,詩,Bard
24,白魔道士,WHM,白,White Mage
25,黑魔道士,BLM,黑,Black Mage
26,巴術士,ACN,巴,Arcanist
27,召喚士,SMN,召,Summoner
28,學者,SCH,學,Scholar
29,雙劍士,ROG,雙,Rogue
30,忍者,NIN,忍,Ninja
31,機工士,MCH,機,Machinist
32,暗黑騎士,DRK,暗,Dark Knight
33,占星術師,AST,占,Astrologian
34,武士,SAM,武,Samurai
35,赤魔道士,RDM,紅,Red Mage
36,青魔道士,BLU,青,Blue Mage
37,絕槍戰士,GNB,絕,Gunbreaker
38,舞者,DNC,舞,Dancer
39,奪魂者,RPR,魂,Reaper
40,賢者,SGE,賢,Sage
41,毒蛇劍士,VPR,蛇,Viper
42,繪靈法師,PCT,繪,Pictomancer
43,,,,
44,,,,
45,,,,
