key,0,1,2,3,4
#,String0,String1,String2,String3,String4
offset,0,4,8,12,16
int32,str,str,str,str,str
0,輔助自由人,輔助自由人,,源自某位冒險者的起點與終點的記憶。<hex:0D><hex:0A>能夠習得利於探索的輔助技能。,Phantom Freelancer
1,輔助騎士,輔助騎士,,源自某位騎士的忠心與名譽的記憶。<hex:0D><hex:0A>能夠習得減輕夥伴受傷程度的輔助技能。,Phantom Knight
2,輔助狂戰士,輔助狂戰士,,源自某位狂戰士的蠻勇與狂熱的記憶。<hex:0D><hex:0A>能夠習得高風險高收益的輔助技能。,Phantom Berserker
3,輔助武僧,輔助武僧,,源自某位武僧的修行與冥想的記憶。<hex:0D><hex:0A>能夠習得精於攻擊的輔助技能。,Phantom Monk
4,輔助獵人,輔助獵人,,源自某位獵人的自豪與慈愛的記憶。<hex:0D><hex:0A>能夠習得借助動物力量的輔助技能。,Phantom Ranger
5,輔助武士,輔助武士,,源自某位武士的武士精神與修行的記憶。<hex:0A>能夠習得一擊必殺的輔助技能。,Phantom Samurai
6,輔助吟遊詩人,輔助吟遊詩人,,源自某位吟遊詩人的詩想與狂誦的記憶。<hex:0D><hex:0A>能夠習得多彩的歌吟輔助技能。,Phantom Bard
7,輔助風水士,輔助風水士,,源自某位風水士的自然與理氣的記憶。<hex:0A>能夠習得效果隨天氣改變的輔助技能。,Phantom Geomancer
8,輔助時魔道士,輔助時魔道士,,源自某位時魔道士的法則與定理的記憶。<hex:0A>能夠習得操控時間的時魔法輔助技能。,Phantom Time Mage
9,輔助砲擊士,輔助砲擊士,,源自某位砲擊士的彈道學與戰術的記憶。<hex:0A>能夠習得效果多樣的砲擊輔助技能。,Phantom Cannoneer
10,輔助藥劑師,輔助藥劑師,,源自某位藥劑師的調和與藥效的記憶。<hex:0D><hex:0A>能夠習得使用高效藥品的輔助技能。,Phantom Chemist
11,輔助預言士,輔助預言士,,源自某位預言士的靈感與啟示的記憶。<hex:0A>能夠習得延遲生效的輔助技能。,Phantom Oracle
12,輔助盜賊,輔助盜賊,,源自某位盜賊的俠義與特技的記憶。<hex:0D><hex:0A>能夠習得包含特殊的探索技術在內的輔助技能。,Phantom Thief
