key,0,1,2,3,4,5
#,String0,String1,String2,String3,String4,String5
offset,0,4,8,12,16,20
int32,str,str,str,str,str,str
0,,,,,,
1,巨型偏屬性水晶破壞指令,有報告稱尖叫泡芙附近，中控水晶調整月面環境時散溢出來的乙太形成了大量的巨型偏屬性水晶。駕駛動力裝甲前往報告中的地點粉碎巨型偏屬性水晶，回收碎片用以補充屬性變換用的資源。,駕駛動力裝甲，<hex:02100103>粉碎巨型偏屬性水晶。,使用宇宙鑽頭粉碎小型偏屬性水晶。<hex:02100103>將獲取的資源投入野外探測器分析。,機甲行動——巨型偏屬性水晶破壞指令已發布。<hex:02100103>想成為駕駛員的人請透過探索觸控板提交申請。,機甲行動即將開始。<hex:02100103>想以協助員身份參加機甲行動的人請到任務地點集合。
2,,,,,,
3,,,,,,
4,,,,,,
5,有害菌床驅除指令,有報告發現，會散布有害異常孢子的螢光小菇正在蘑菇地附近大量增殖。這些孢子附著在宇宙探索用的器材表面，可能會對今後的探索造成很大的負面影響。駕駛輪式鏟裝車粉碎所有的紅色螢光小菇杜絕其進一步繁殖的可能性。,駕駛輪式鏟裝車，<hex:02100103>剷除巨型變異菌床。,使用宇宙火焰噴射器焚燒小型變異菌床。<hex:02100103>將燃燒後留下的灰燼投入野外探測器分析。,機甲行動——有害菌床驅除指令已發布。<hex:02100103>想成為駕駛員的人請透過探索觸控板提交申請。,機甲行動即將開始。<hex:02100103>想以協助員身份參加機甲行動的人請到任務地點集合。
6,,,,,,
7,,,,,,
