key,0
#,String0
offset,0
int32,str
0,
1, 製作通用型纖維板
2, 籌備據點外工作所需的燃料
3, 製作採集所需的飾品
4, 籌備研究所需的材料
5, 檢驗木炭供應的可持續性
6, 製作通用型床具
7, 製作薄型纖維板
8, 製作木工師所需的支援物資
9, 籌備工作人員所需的裁縫工具
10, 製作填寫資料所需的紙張
11, 製作隔熱的內飾材料
12, 籌備宇宙快線所需的基礎物資
13, 製作使用了新材料的耳飾
14, 製作運送補給所需的容器
15, 製作厚型纖維板
16, 製作優質隔熱材料
17, 製作耐熱樹脂
18, 製作能夠長期保存的紙張
19, 製作居住區所需的椅子
20, 製作使用了試驗性材料的採集工具
21, 製作休息所需的優質床具
22,製作高耐久型纖維板
23,製作頂級紙張
24,籌備宇宙飛船所需的隔熱材料
25,製作火力強勁的木炭
26,檢驗月面植物的加工方法
27,【高難】進行試驗所需材料的最終檢驗
28,【高難】製作分發食物所需的托盤
29,【高難】製作雙層床
30,【高難】製作工作輔助設備
31,【高難+】補充優質製作工具
32,【高難+】製作高空作業所需的腳手架
33,製作傳動用的長桿
34,【高難】續·製作傳動用的長桿
35,籌備具有特殊性質的材料
36,【高難】續·籌備具有特殊性質的材料
37,【高難+】製作研究所需的大型水槽
38,【高難】製作休息設施所需的材料
39,【高難+】製作休息設施所需的家具
40,製作貨物包裝材料
41,【高難】續·製作貨物包裝材料
42,【高難+】製作月球車所需的貨物包裝材料
43,【高難+】製作生物燃料
44,【高難+】續·製作生物燃料
45,【高難+】最終步驟·製作生物燃料
46, 製作通用型裝甲板
47, 製作宇宙飛船所需的備用零件
48, 檢驗合金的製作方法
49, 製作初級訂製零件
50, 製作通用型金屬零件
51, 生產大量必需品
52, 製作標準化厚型裝甲板
53, 製作宇宙飛船所需的傳動軸
54, 籌備工作人員使用的碎石工具
55, 製作標準化合金鉚釘
56, 籌備工作人員使用的木工工具
57, 製作中級訂製零件
58, 製作隔熱設備
59, 製作月球車所需的傳動軸
60, 製作標準化薄型裝甲板
61, 籌備工作人員使用的冶煉工具
62, 製作淋浴所需的家具
63, 製作青磷式便攜火爐
64, 製作居住區使用的照明設備
65, 製作使用了月面材料的工具
66, 製作使用了月面材料的零件
67,製作重要設施所需的裝甲板
68,加工稀有材料
69,補充設備施工的必需品
70,籌備工作人員使用的鑄甲工具
71,檢驗隕鐵材料的加工方法
72,【高難】重現東方家具
73,【高難】加工精密材料
74,【高難】補充月門基地的備用品
75,【高難】製作工作輔助設備
76,【高難+】對材料進行耐磨加工
77,【高難+】對材料進行抗震加工
78,製作基地內的備用家具
79,【高難】續·製作基地內的備用家具
80,籌備具有特殊性質的材料
81,【高難】續·籌備具有特殊性質的材料
82,【高難+】製作研究所需的大型水槽
83,【高難】製作建造宇宙飛船所需的材料
84,【高難+】加工建造宇宙飛船所需的材料
85,製作高性能無人機所需的材料
86,【高難】續·製作高性能無人機所需的材料
87,【高難+】製作高性能無人機
88,【高難+】製作特種裝備所需的材料
89,【高難+】續·製作特種裝備所需的材料
90,【高難+】製作特種裝備
91, 製作通用型裝甲板
92, 製作宇宙飛船的備用零件
93, 檢驗合金的製作方法
94, 製作初級訂製零件
95, 製作通用型金屬零件
96, 生產大量必需品
97, 製作標準化厚型裝甲板
98, 製作宇宙飛船所需的傳動軸
99, 籌備工作人員使用的烹飪工具
100, 製作標準化鏈條板
101, 籌備防塵裝備
102, 製作中級訂製零件
103, 製作隔熱設備
104, 製作月球車所需的零件
105, 製作標準化薄型裝甲板
106, 續·籌備工作人員使用的烹飪工具
107, 製作茶歇所需的家具
108, 製作屋外使用的火爐
109, 製作居住區使用的收納設備
110, 製作使用了月面材料的工具
111, 製作使用了月面材料的零件
112,製作重要設施所需的裝甲板
113,加工稀有材料
114,補充設備施工的必需品
115,籌備導熱優秀的烹飪工具
116,檢驗隕鐵材料的加工方法
117,【高難】重現香爐
118,【高難】加工精密材料
119,【高難】補充月門基地的備用品
120,【高難】為施工現場提供充足照明
121,【高難+】對材料進行耐磨加工
122,【高難+】對材料進行抗震加工
123,製作基地內的備用家具
124,【高難】續·製作基地內的備用家具
125,籌備具有特殊性質的材料
126,【高難】續·籌備具有特殊性質的材料
127,【高難+】製作重要樣本保管庫
128,【高難】製作建造宇宙飛船所需的材料
129,【高難+】加工建造宇宙飛船所需的材料
130,製作高性能無人機所需的材料
131,【高難】續·製作高性能無人機所需的材料
132,【高難+】製作高性能無人機
133,【高難+】製作特種裝備所需的材料
134,【高難+】續·製作特種裝備所需的材料
135,【高難+】製作特種裝備
136, 製作通用型裝甲板
137, 製作宇宙飛船的備用零件
138, 檢驗合金的製作方法
139, 製作初級訂製零件
140, 製作通用型金屬零件
141, 生產大量必需品
142, 製作標準化厚型裝甲板
143, 製作宇宙飛船所需的傳動軸
144, 籌備工作人員使用的研磨工具
145, 製作標準化鏈條
146, 籌備護眼裝備
147, 製作中級訂製零件
148, 製作散熱設備
149, 製作月球車所需的零件
150, 製作標準化薄型裝甲板
151, 籌備工作人員使用的裁縫工具
152, 製作觀測所需的家具
153, 製作屋內使用的火爐
154, 製作居住區使用的化妝鏡
155, 製作使用了月面材料的工具
156, 製作使用了月面材料的零件
157,製作重要設施所需的裝甲板
158,加工稀有材料
159,補充設備施工的必需品
160,籌備鋒利的小刀
161,檢驗隕鐵材料的加工方法
162,【高難】重現淋浴家具
163,【高難】加工精密材料
164,【高難】補充月門基地的備用品
165,【高難】製作輔助施工的機械臂
166,【高難+】對材料進行耐磨加工
167,【高難+】對材料進行抗震加工
168,製作基地內的備用家具
169,【高難】續·製作基地內的備用家具
170,籌備具有特殊性質的材料
171,【高難】續·籌備具有特殊性質的材料
172,【高難+】製作自動販賣機
173,【高難】製作建造宇宙飛船所需的材料
174,【高難+】加工建造宇宙飛船所需的材料
175,製作高性能無人機所需的材料
176,【高難】續·製作高性能無人機所需的材料
177,【高難+】製作高性能無人機
178,【高難+】製作特種裝備所需的材料
179,【高難+】續·製作特種裝備所需的材料
180,【高難+】製作特種裝備
181, 製作通用型皮繩
182, 製作急救所需的皮革
183, 製作採集所需的手部防具
184, 籌備研究所需的材料
185, 製作工作所需的背包
186, 製作室內使用的皮鞋
187, 製作耐熱皮繩
188, 製作施工人員使用的大背包
189, 製作施工人員使用的腰帶
190, 製作高級紙張
191, 製作綿羊地毯
192, 籌備宇宙快線所需的基礎物資
193, 製作使用了新材料的皮衣
194, 製作急救所需的皮袋
195, 製作抗菌皮繩
196, 製作高級地毯
197, 製作搬運物資所需的皮革
198, 製作能夠長期保存的紙張
199, 製作休息所需的高級椅子
200, 製作使用了試驗性材料的手套
201, 製作休息所需的高級長椅
202,製作耐磨性優越的皮繩
203,製作頂級紙張
204,製作研究所需的植物地毯
205,製作保溫皮革
206,檢驗月面植物的加工方法
207,【高難】進行試驗所需材料的最終檢驗
208,【高難】製作工作所需的小包
209,【高難】製作高級沙發
210,【高難】製作鄉情家具
211,【高難+】製作工作使用的安全鞋
212,【高難+】製作採集使用的工作服
213,製作基地所需的備用品
214,【高難】續·製作基地所需的備用品
215,籌備具有特殊性質的材料
216,【高難】續·籌備具有特殊性質的材料
217,【高難+】製作研究所需的大型材料
218,【高難】製作休息設施所需的材料
219,【高難+】製作休息設施所需的家具
220,製作貨物包裝材料
221,【高難】續·製作貨物包裝材料
222,【高難+】製作月球車所需的貨物包裝材料
223,【高難+】製作宇航服
224,【高難+】續·製作宇航服
225,【高難+】最終步驟·製作宇航服
226, 製作通用型棉線
227, 製作急救所需的布料
228, 製作採集所需的頭部防具
229, 籌備研究所需的材料
230, 製作工作所需的通用型細繩
231, 製作用於隔離空間的窗簾
232, 製作耐熱棉線
233, 製作家居服
234, 製作通用型毛巾
235, 製作複合纖維
236, 製作醫療設施所需的窗簾
237, 籌備宇宙快線所需的基礎物資
238, 製作使用了新材料的軟甲褲
239, 製作工作所需的繩索
240, 製作抗菌棉線
241, 製作高級窗簾
242, 製作搬運物資所需的棉布
243, 製作耐磨性優越的複合纖維
244, 製作休息所需的物件
245, 製作使用了試驗性材料的帽子
246, 製作休息所需的軟墊
247,製作耐磨性優越的棉線
248,製作高級複合纖維
249,製作臥室使用的高級窗簾
250,製作急救所需的繃帶
251,檢驗月面植物的加工方法
252,【高難】進行試驗所需材料的最終檢驗
253,【高難】製作裁縫所需的材料
254,【高難】製作休息所需的軟墊套裝
255,【高難】製作鄉情家具
256,【高難+】製作工作使用的防寒帽
257,【高難+】製作工匠使用的工作服
258,製作宇宙快線所需的材料
259,【高難】續·製作宇宙快線所需的材料
260,籌備具有特殊性質的材料
261,【高難】續·籌備具有特殊性質的材料
262,【高難+】製作研究所需的大型材料
263,【高難】製作休息設施所需的材料
264,【高難+】製作休息設施所需的家具
265,製作貨物包裝材料
266,【高難】續·製作貨物包裝材料
267,【高難+】製作月球車所需的貨物包裝材料
268,【高難+】製作飛船制服
269,【高難+】續·製作飛船制服
270,【高難+】最終步驟·製作飛船制服
271, 製作通用型磚塊
272, 製作使用了採集物的調料
273, 製作建築材料的黏著劑
274, 為施工人員提供營養補給
275, 製作水性黏著劑
276, 支援藥餌的製作研究
277, 製作耐熱磚塊
278, 製作健康飲料
279, 製作建材所需的塗料
280, 製作傳統型地板材料
281, 製作夜間照明家具
282, 開發緊急情況使用的儲備糧
283, 試製新時代飲料
284, 製作使用了月面植物的調料
285, 製作防水磚塊
286, 補充研究所需的藥品
287, 製作鍊金藥所需的聖水
288, 製作使用了月面材料的地板材料
289, 製作優質營養劑
290, 製作小型庭園
291, 製作使用了月面植物的賞葉植物
292,製作防水磚塊
293,製作優質黏著劑
294,製作營養調整劑
295,製作食堂所需的器皿
296,檢驗月面水產品的加工方法
297,【高難】製作儲備飲料
298,【高難】支援化妝品的製作研究
299,【高難】重現賞葉家具
300,【高難】製作工匠所需的複方藥
301,【高難+】製作防鏽加工塗料
302,【高難+】製作儲備藥品
303,驗證藥材的研究成果
304,【高難】續·驗證藥材的研究成果
305,兔兔族居住環境改善實驗
306,【高難】續·兔兔族居住環境改善實驗
307,【高難+】改善兔兔族居住環境
308,【高難】製作養殖所需的魚餌
309,【高難+】續·製作養殖所需的魚餌
310,製作高營養價值的果凍飲料材料
311,【高難】續·製作高營養價值的果凍飲料材料
312,【高難+】製作高營養價值的果凍飲料
313,【高難+】製作五顏六色的鍊金藥
314,【高難+】續·製作五顏六色的鍊金藥
315,【高難+】最終步驟·製作五顏六色的鍊金藥
316, 製作通用型潤滑油
317, 製作使用了採集物的調料
318, 製作建築材料的黏著劑
319, 檢驗水產品的營養凝縮方法
320, 製作水性墨水
321, 支援藥餌的製作研究
322, 製作耐熱潤滑油
323, 製作營養配比食品
324, 製作建材所需的塗料
325, 製作便攜食品
326, 加工高營養價值的水產食品
327, 開發緊急情況使用的儲備糧
328, 重現不可或缺的完美食品
329, 試製新型儲備糧
330, 製作防水潤滑油
331, 試製新時代飲料
332, 製作慰勞用的菜餚
333, 製作使用了月面水產品的家鄉菜
334, 調整月面採集物的營養價值
335, 檢驗麵包房的出品品質
336, 加工食用蘑菇
337,製作防水潤滑油
338,製作優質黏著劑
339,製作補充營養的飲料
340,製作食堂所需的器皿
341,檢驗月面水產品的加工方法
342,【高難】新型儲備糧的量產計畫
343,【高難】檢驗重現薩雷安食品的方法
344,【高難】重現屋外食用的簡餐
345,【高難】製作便攜營養劑
346,【高難+】燻製水產品
347,【高難+】燻製動物肉
348,為工作人員做飯
349,【高難】續·為工作人員做飯
350,兔兔族飲食生活改善實驗
351,【高難】續·兔兔族飲食生活改善實驗
352,【高難+】改善兔兔族飲食生活
353,【高難】製作養殖所需的魚餌
354,【高難+】續·製作養殖所需的魚餌
355,製作高營養價值的食材
356,【高難】續·製作高營養價值的食材
357,【高難+】製作高營養價值的食品
358,【高難+】製作完美食品
359,【高難+】續·製作完美食品
360,【高難+】最終步驟·製作完美食品
361, 基地周邊的地質調查
362, 基地西北方的資源調查
363, 協助調查施工標準
364, 籌備試驗性淨水材料
365, 採集通用型裝甲板的材料
366, 採集空氣淨化器所需的材料
367, 渴望灣內側的地質調查
368, 採集加工所需的金屬材料
369, 採集厚型裝甲板所需的材料
370, 協助實驗連續採集技術
371, 協助實驗材料獲取技術
372, 調查隕鐵材料的新採集場
373, 採集淨水裝置所需的材料
374, 渴望灣外側的地質調查
375, 採集防水耐熱材料
376, 採集薄型裝甲板所需的材料
377, 連續採集月黃銅礦
378, 技術研究計畫的發展
379, 籌備能量發生裝置所需的材料
380, 採集精密加工所需的材料
381, 修繕所需的優質材料
382,採集加工合金所需的材料
383,窪地地帶的採集工作
384,採集特殊裝甲板材料
385,連續採集月鉻鐵礦
386,獲取隕鐵材料的技術調查
387,【高難】精密地質調查
388,【高難】提取鍊金藥所需的精選材料
389,【高難】渴望灣西南部的資源量調查
390,【高難】月底的精密調查
391,【高難+】回收稀有材料
392,【高難+】採集輔助加工的材料
393,調查基地周邊的新資源
394,【高難】調查基地周邊的新資源
395,籌備高能量發生裝置所需的材料
396,【高難】籌備高能量發生裝置所需的材料
397,【高難+】籌備高能量發生裝置所需的材料
398,【高難】採集精密淨水裝置所需的材料
399,【高難+】採集精密淨水裝置所需的材料
400,採集精密空氣淨化裝置所需的材料
401,【高難+】採集精密空氣淨化裝置所需的材料
402,【高難】採集精密空氣淨化裝置所需的材料
403,【高難+】傳承錄級材料的採集調查
404,【高難+】傳承錄級材料的採集調查 II
405,【高難+】傳承錄級材料的採集調查 III
406, 基地周邊的地質調查
407, 基地東側的資源調查
408, 協助調查施工標準
409, 籌備試驗性淨水材料
410, 採集通用型纖維板的材料
411, 採集空氣淨化器所需的材料
412, 渴望灣內側的地質調查
413, 採集加工所需的纖維
414, 採集薄型纖維板所需的材料
415, 協助實驗連續採集技術
416, 協助實驗材料獲取技術
417, 調查木材的新採集場
418, 採集淨水裝置所需的材料
419, 渴望灣外側的地質調查
420, 採集隔熱材料
421, 採集厚型纖維板所需的材料
422, 連續採集藍色纖維材料
423, 技術研究計畫的發展
424, 籌備能量發生裝置所需的材料
425, 採集精密加工所需的材料
426, 修繕所需的優質材料
427,採集新型鞣料
428,植物實驗地帶的採集工作
429,採集纖維板材料
430,連續採集月球菌類
431,獲取纖維材料的技術調查
432,【高難】精密地質調查
433,【高難】提取鍊金藥所需的精選材料
434,【高難】渴望灣西南部的資源量調查
435,【高難】月底的精密調查
436,【高難+】回收稀有材料
437,【高難+】採集輔助加工的材料
438,調查基地周邊的新資源
439,【高難】調查基地周邊的新資源
440,籌備高能量發生裝置所需的材料
441,【高難】籌備高能量發生裝置所需的材料
442,【高難+】籌備高能量發生裝置所需的材料
443,【高難】採集精密淨水裝置所需的材料
444,【高難+】採集精密淨水裝置所需的材料
445,採集精密空氣淨化裝置所需的材料
446,【高難+】採集精密空氣淨化裝置所需的材料
447,【高難】採集精密空氣淨化裝置所需的材料
448,【高難+】傳承錄級材料的採集調查
449,【高難+】傳承錄級材料的採集調查 II
450,【高難+】傳承錄級材料的採集調查 III
451, 午餐食材的緊急委託
452, 大型水產品的捕獲調查
453, 協助調查基地西側的水質
454, 籌備水產品食材
455, 儲淚池的生態調查
456, 大量籌備鍊金藥所需的材料
457, 巨型魚捕獲調查
458, 同種樣本的環境調查
459, 籌備偏光塗料所需的水產品
460, 基地東南水池的生態調查
461, 大量籌備魚醬所需的材料
462, 協助提高水產品樣本的品質
463, 協助調查基地西北側的水質
464, 協助調查空葫蘆港的水質
465, 籌備水產品儲備糧
466, 空葫蘆港的生態調查
467, 與最大個體有關的生態調查
468, 籌備加工所需的魔泉生物
469, 西側小跳印記的生態調查
470, 緊急籌備晚餐食材
471, 採集鍊金藥所需的水產品
472,北側小跳印記的生態調查
473,稀有水產品的捕獲調查
474,緊急籌備水產食材
475,精密水質調查
476,採集精密加工所需的水產品
477,【高難】大型水產品的捕獲調查
478,【高難】大量籌備鍊金藥所需的材料
479,【高難】協助月底魔泉瀑布的技術實驗
480,【高難】緊急籌備水產食材
481,【高難+】砷海的生態調查
482,【高難+】大型水產品的捕獲調查
483,檢驗釣場的多樣性
484,【高難】檢驗釣場的多樣性
485,採集精密淨水裝置所需的材料
486,【高難】採集精密淨水裝置所需的材料
487,【高難+】採集精密淨水裝置所需的材料
488,【高難】調查共生物種的生態
489,【高難+】調查共生物種的生態
490,採集魔泉環境的樣本
491,【高難】採集魔泉環境的樣本
492,【高難+】採集魔泉環境的樣本
493,【高難+】調查未知水生生物
494,【高難+】調查未知水生生物 II
495,【高難+】調查未知水生生物 III
496,【高難】增產研究水產品所需的貨箱
497,【高難】製作抗震貨箱
498,【高難】母星的治癒香爐
499,【高難+】用岩盤挖掘機開路
500,【高難+】月面材料的鞣革
501,【高難+】高級的光滑地板
502,【高難】現場籌備鞣料
503,【高難】加工特異菌絲
504,【高難】保持新鮮度的食品加工
505,【高難+】使用月面材料的採集工具
506,【高難+】製造高火力爐
507,【高難+】讓房間充滿蘑菇的溫暖
508,【高難】加工水產金屬錠
509,【高難】製作改良版月凝膠
510,【高難+】如水晶一般的寶石
511,【高難+】製作鰻魚預製菜
512, 製作工作所需的落腳台
513, 製作助燃材料
514, 製作新型菌絲建材
515, 製作挖掘隕石的鑽頭
516, 製作吸引器的吸嘴
517, 製作火焰噴射器的零件
518, 製作吸引器的備用水箱
519, 製作月球車的維修金屬板
520, 製作氣罐
521, 製作照明修理用具
522, 製作吸引器的精密零件
523, 製作月球車的維修零件
524, 製作切削施工所需的手套
525, 製作防毒面具
526, 製作施工所需的防火靴
527, 製作整備所需的布匹
528, 製作施工所需的防火布
529, 製作新型菌絲布匹
530, 製作特殊保護劑
531, 製作解毒劑
532, 製作火焰噴射器的燃料
533, 製作儲備糧
534, 製作輔食果凍
535, 調查變異菌床的成分
536, 籌備絕緣物資
537, 搜索墜落的無人機
538, 回收稀有隕鐵
539, 籌備藥劑所需的菌核
540, 調查孢子霧對植被的影響
541, 採集有益菌類
542, 籌備食用魚
543, 搜索落水的無人機
544, 捕獲變異的魚
545,
546,
547,
548,
549,
550,
551,
552,
553,
554,
555,
556,
557,
558,
559,
560,
561,
562,
563,
564,
565,
566,
567,
568,
569,
570,
571,
572,
573,
574,
575,
576,
577,
578,
579,
580,
581,
582,
583,
584,
585,
586,
587,
588,
589,
590,
591,
592,
593,
594,
595,
596,
597,
598,
599,
600,
601,
602,
603,
604,
605,
606,
607,
608,
609,
610,
611,
612,
613,
614,
615,
616,
617,
618,
619,
620,
621,
622,
623,
624,
625,
626,
627,
628,
629,
630,
631,
632,
633,
634,
635,
636,
637,
638,
639,
640,
641,
642,
643,
644,
645,
646,
647,
648,
649,
650,
651,
652,
653,
654,
655,
656,
657,
658,
659,
660,
661,
662,
663,
664,
665,
666,
667,
668,
669,
670,
671,
672,
673,
674,
675,
676,
677,
678,
679,
680,
681,
682,
683,
684,
685,
686,
687,
688,
689,
690,
691,
692,
693,
694,
695,
696,
697,
698,
699,
700,
701,
702,
703,
704,
705,
706,
707,
708,
709,
710,
711,
712,
713,
714,
715,
716,
717,
718,
719,
720,
721,
722,
723,
724,
725,
726,
727,
728,
729,
730,
731,
732,
733,
734,
735,
736,
737,
738,
739,
740,
741,
742,
743,
744,
745,
746,
747,
748,
749,
750,
751,
752,
753,
754,
755,
756,
757,
758,
759,
760,
761,
762,
763,
764,
765,
766,
767,
768,
769,
770,
771,
772,
773,
774,
775,
776,
777,
778,
779,
780,
781,
782,
783,
784,
785,
786,
787,
788,
789,
790,
791,
792,
793,
794,
795,
796,
797,
798,
799,
800,
801,
802,
803,
804,
805,
806,
807,
808,
809,
810,
811,
812,
813,
814,
815,
816,
817,
818,
819,
820,
821,
822,
823,
824,
825,
826,
827,
828,
829,
830,
831,
832,
833,
834,
835,
836,
837,
838,
839,
840,
841,
842,
843,
844,
845,
846,
847,
848,
849,
850,
851,
852,
853,
854,
855,
856,
857,
858,
859,
860,
861,
862,
863,
864,
865,
866,
867,
868,
869,
870,
871,
872,
873,
874,
875,
876,
877,
878,
879,
880,
881,
882,
883,
884,
885,
886,
887,
888,
889,
890,
891,
892,
893,
894,
895,
896,
897,
898,
899,
900,
901,
902,
903,
904,
905,
906,
907,
908,
909,
910,
911,
912,
913,
914,
915,
916,
917,
918,
919,
920,
921,
922,
923,
924,
925,
926,
927,
928,
929,
930,
931,
932,
933,
934,
935,
936,
937,
938,
939,
940,
941,
942,
943,
944,
945,
946,
947,
948,
949,
950,
951,
952,
953,
954,
955,
956,
957,
958,
959,
960,
961,
962,
963,
964,
965,
966,
967,
968,
969,
970,
971,
972,
973,
974,
975,
976,
977,
978,
979,
980,
981,
982,
983,
984,
985,
986,
987,
988,
989,
990,
991,
992,
993,
994,
995,
996,
997,
998,
999,
1000,
1001,
1002,
1003,
1004,
1005,
1006,
1007,
1008,
1009,
1010,
1011,
1012,
1013,
1014,
1015,
1016,
1017,
1018,
1019,
1020,
1021,
1022,
1023,
1024,
1025,
1026,
1027,
1028,
1029,
1030,
1031,
1032,
1033,
1034,
1035,
1036,
1037,
1038,
1039,
1040,
1041,
1042,
1043,
1044,
1045,
1046,
1047,
1048,
1049,
1050,
1051,
1052,
1053,
1054,
1055,
1056,
1057,
1058,
1059,
1060,
1061,
1062,
1063,
1064,
1065,
1066,
1067,
1068,
1069,
1070,
1071,
1072,
